{
    "$schema": "https://schema.management.azure.com/schemas/2015-01-01/deploymentTemplate.json#",
    "contentVersion": "1.0.0.0",
    "parameters": {
        "resourceName": {
            "type": "string",
            "metadata": {
                "description": "The name of the Managed Cluster resource."
            }
        },
        "location": {
            "type": "string",
            "metadata": {
                "description": "The location of AKS resource."
            }
        },
        "dnsPrefix": {
            "type": "string",
            "metadata": {
                "description": "Optional DNS prefix to use with hosted Kubernetes API server FQDN."
            }
        },
        "osDiskSizeGB": {
            "type": "int",
            "defaultValue": 0,
            "metadata": {
                "description": "Disk size (in GB) to provision for each of the agent pool nodes. This value ranges from 0 to 1023. Specifying 0 will apply the default disk size for that agentVMSize."
            },
            "minValue": 0,
            "maxValue": 1023
        },
        "agentCount": {
            "type": "int",
            "defaultValue": 3,
            "metadata": {
                "description": "The number of agent nodes for the cluster."
            },
            "minValue": 1,
            "maxValue": 50
        },
        "agentVMSize": {
            "type": "string",
            "defaultValue": "Standard_D2_v2",
            "metadata": {
                "description": "The size of the Virtual Machine."
            }
        },
        "servicePrincipalClientId": {
            "metadata": {
                "description": "Client ID (used by cloudprovider)"
            },
            "type": "securestring"
        },
        "servicePrincipalClientSecret": {
            "metadata": {
                "description": "The Service Principal Client Secret."
            },
            "type": "securestring"
        },
        "osType": {
            "type": "string",
            "defaultValue": "Linux",
            "allowedValues": [
                "Linux"
            ],
            "metadata": {
                "description": "The type of operating system."
            }
        },
        "kubernetesVersion": {
            "type": "string",
            "defaultValue": "1.7.7",
            "metadata": {
                "description": "The version of Kubernetes."
            }
        },
        "enableOmsAgent": {
            "type": "bool",
            "defaultValue": true,
            "metadata": {
                "description": "boolean flag to turn on and off of omsagent addon"
            }
        },
        "workspaceRegion": {
            "type": "string",
            "defaultValue": "East US",
            "metadata": {
                "description": "Specify the region for your OMS workspace"
            }
        },
        "workspaceName": {
            "type": "string",
            "metadata": {
                "description": "Specify the name of the OMS workspace"
            }
        },
        "omsWorkspaceId": {
            "type": "string",
            "metadata": {
                "description": "Specify the resource id of the OMS workspace"
            }
        },
        "omsSku": {
            "type": "string",
            "defaultValue": "standalone",
            "allowedValues": [
                "free",
                "standalone",
                "pernode"
            ],
            "metadata": {
                "description": "Select the SKU for your workspace"
            }
        },
        "enableHttpApplicationRouting": {
            "type": "bool",
            "defaultValue": true,
            "metadata": {
                "description": "boolean flag to turn on and off of http application routing"
            }
        },
        "networkPlugin": {
            "type": "string",
            "allowedValues": [
                "azure",
                "kubenet"
            ],
            "metadata": {
                "description": "Network plugin used for building Kubernetes network."
            }
        },
        "maxPods": {
            "type": "int",
            "defaultValue": 30,
            "metadata": {
                "description": "Maximum number of pods that can run on a node."
            }
        }
    },
    "resources": [
        {
            "apiVersion": "2018-03-31",
            "dependsOn": [],
            "type": "Microsoft.ContainerService/managedClusters",
            "location": "[parameters('location')]",
            "name": "[parameters('resourceName')]",
            "properties": {
                "kubernetesVersion": "[parameters('kubernetesVersion')]",
                "enableRBAC": false,
                "dnsPrefix": "[parameters('dnsPrefix')]",
                "addonProfiles": {
                    "httpApplicationRouting": {
                        "enabled": "[parameters('enableHttpApplicationRouting')]"
                    },
                    "omsagent": {
                        "enabled": "[parameters('enableOmsAgent')]",
                        "config": {
                            "logAnalyticsWorkspaceResourceID": "[parameters('omsWorkspaceId')]"
                        }
                    }
                },
                "agentPoolProfiles": [
                    {
                        "name": "agentpool",
                        "osDiskSizeGB": "[parameters('osDiskSizeGB')]",
                        "count": "[parameters('agentCount')]",
                        "vmSize": "[parameters('agentVMSize')]",
                        "osType": "[parameters('osType')]",
                        "storageProfile": "ManagedDisks"
                    }
                ],
                "servicePrincipalProfile": {
                    "ClientId": "[parameters('servicePrincipalClientId')]",
                    "Secret": "[parameters('servicePrincipalClientSecret')]"
                },
                "networkProfile": {
                    "networkPlugin": "[parameters('networkPlugin')]"
                }
            },
            "tags": {}
        },
        {
            "type": "Microsoft.Resources/deployments",
            "name": "SolutionDeployment",
            "apiVersion": "2017-05-10",
            "resourceGroup": "[split(parameters('omsWorkspaceId'),'/')[4]]",
            "subscriptionId": "[split(parameters('omsWorkspaceId'),'/')[2]]",
            "properties": {
                "mode": "Incremental",
                "template": {
                    "$schema": "https://schema.management.azure.com/schemas/2015-01-01/deploymentTemplate.json#",
                    "contentVersion": "1.0.0.0",
                    "parameters": {},
                    "variables": {},
                    "resources": [
                        {
                            "apiVersion": "2015-11-01-preview",
                            "type": "Microsoft.OperationsManagement/solutions",
                            "location": "[parameters('workspaceRegion')]",
                            "name": "[concat('ContainerInsights', '(', split(parameters('omsWorkspaceId'),'/')[8], ')')]",
                            "properties": {
                                "workspaceResourceId": "[parameters('omsWorkspaceId')]"
                            },
                            "plan": {
                                "name": "[concat('ContainerInsights', '(', split(parameters('omsWorkspaceId'),'/')[8], ')')]",
                                "product": "[concat('OMSGallery/', 'ContainerInsights')]",
                                "promotionCode": "",
                                "publisher": "Microsoft"
                            }
                        }
                    ]
                }
            },
            "dependsOn": []
        }
    ],
    "outputs": {
        "controlPlaneFQDN": {
            "type": "string",
            "value": "[reference(concat('Microsoft.ContainerService/managedClusters/', parameters('resourceName'))).fqdn]"
        }
    }
}